eventId,userId,eventType,ts
b9cea9e9-21e0-466f-8885-ad820888ecf4,735,Comment,1633122308737
ec744347-7e70-4194-8ff9-77daa79d211a,992,Subscribe,1633123228716
30df79ee-9fd3-41cb-944f-c5b1ec37c3de,180,Like,1633117901937
6a6c9df1-793c-4875-9e75-c2a701fcdb4e,774,Comment,1633123962941
0438fb8e-b7bf-4593-a1bc-1923116e1720,925,Subscribe,1633117017246
c1e24fa2-02c8-40fd-8b6b-86decbed8af3,993,Subscribe,1633122329521
9988431c-4bfc-437a-b9cb-6558d12a6562,86,Comment,1633117091918
8f5f8d26-37b9-4fb3-90e7-830dabd6e55c,710,Subscribe,1633114247991
53b6d30b-6f0f-4899-9c7b-42c34e0be180,861,Comment,1633117645618
0d03ac61-8004-440a-bc2c-2cd60c67e60f,424,Comment,1633118088538
e1acf4e4-dd32-4f8a-97d0-a4b7ab3f1823,702,Subscribe,1633123369513
5d17c7d2-4260-48b9-8fac-aefddca4e717,759,Subscribe,1633122179256
1309846e-ced0-4176-a158-d8b8888e971e,332,Comment,1633123189045
3e686d52-79dc-4b19-998b-1b310159c7ab,356,Subscribe,1633123853712
d929576e-9156-4f9e-8104-b2e560f0f833,303,Subscribe,1633116744322
2639cf18-3383-46ef-8bd6-9bcce04d3bb3,322,Subscribe,1633118360569
cd84e000-e93a-48fe-832a-0d9cd02cbf2d,64,Comment,1633114638436
73327b92-15e0-452b-95b9-aa380f381fe6,194,Subscribe,1633118224506
7c417d6a-4236-45e3-952f-dcd642f6de84,154,Comment,1633120064588
6a31939b-b19b-40e1-938c-aade36deaf43,880,Like,1633118559704
a512522b-2064-4525-a1b6-07ffedbe2116,764,Subscribe,1633121734137
bdc7fff8-2683-465d-81a0-a3f26755cf34,851,Subscribe,1633119924775
5f2e41b3-932d-4849-9773-82cf3ac987df,3,Like,1633117063688
1a9fd447-772d-4a14-9d95-25a5859a355c,23,Subscribe,1633119915795
a447cefb-b08e-4ed9-9ee1-429e5c2dcfff,477,Like,1633120886721
3be9a747-3b25-4982-8e4c-30b67b9c5cf6,279,Comment,1633114328944
7001fbd3-3052-4381-ab28-a8d7ad77f59e,974,Comment,1633118335239
1a13e0ff-093e-43a0-855b-083b8e2316bf,420,Comment,1633120546328
0ea825d4-0217-4c05-aa4a-69499f326d52,7,Subscribe,1633121570347
2506bcf6-b76d-493a-bc60-e92d66f4e5c4,665,Comment,1633121255896
fe3b6b7d-3bb1-4d3d-bc72-02301c190e16,951,Comment,1633115550442
ec931fea-f68a-4844-9f5c-9effef87b6d7,36,Comment,1633121806121
a27312ea-ef02-49cf-80b9-b400cba4d3d9,948,Subscribe,1633123691717
4f05e636-8e39-461c-9365-08aa672edfce,599,Like,1633119536181
6b3c06da-be6c-410f-a62e-696d345c11a5,387,Subscribe,1633116434670
3ba7a232-4cc8-4a8a-853b-8d13f55d238b,1000,Like,1633118590967
ae67dbd3-119f-432e-b4b0-89007c5c2222,734,Subscribe,1633124074378
956083c3-b7b1-47d8-9c3f-a5db39e02aba,765,Comment,1633115371842
d7fe4322-e558-4495-ab44-5004c68551b7,965,Subscribe,1633116465008
a0f24d2d-6e30-4852-b6f5-da0571f642ab,647,Comment,1633124016608
32e2cc91-ee29-4fe8-a974-ff1085482503,870,Comment,1633119533244
9f105753-ce26-4711-83e2-dedf8281f482,582,Like,1633117951688
3a75de98-7b9f-4644-9fc2-16113e1994d8,249,Like,1633121860680
5a6385ae-27cf-40d8-912d-62e12484d461,367,Subscribe,1633118427596
41245a22-870d-4893-a18c-9d9b432e394e,785,Comment,1633121651649
c7022d5d-9fe4-4417-a469-85af7b4811fa,551,Comment,1633119687224
505eafc3-24ed-4b6f-9c31-6e680f622eb7,353,Comment,1633121722241
83eaed8d-f744-4a1d-8e92-98f807765be3,867,Like,1633121725941
5a56dec0-6e51-46e6-86c7-89c3089df7e5,934,Subscribe,1633115134759
74f36ea0-3873-410b-b8d7-fd31b5af2cc0,510,Like,1633122524392
38cb8df7-bf9e-4d54-a55f-9bfb9a78ede9,577,Comment,1633114740131
019ed030-a4b2-4ebe-baca-352448b99bde,583,Comment,1633124063334
74be7dee-c76a-48c7-bd31-f91abd5018bf,478,Like,1633116049562
4036d3df-b7c0-41b4-9268-466eb0bf5db5,174,Subscribe,1633118484339
29a25dd3-0532-4c6b-9f0f-e68e63a5335c,411,Subscribe,1633123111099
67a30aa9-62bb-4f46-b782-255caf19411e,31,Comment,1633115252745
0f207254-aafd-40ab-879b-066cdb55191b,74,Comment,1633123263316
efeaf7b8-5688-40b9-9a2c-01418bb588b1,563,Like,1633119101698
8453387f-ffd4-4e1d-978b-b8a6b1312692,323,Comment,1633115569611
36ca05e3-bfd8-488e-90a7-b2c9900a2052,830,Comment,1633114616773
8318b04f-7819-4570-8f5e-554521c72089,933,Like,1633120818649
cd5e3d08-0b13-42f2-bd88-2affb6724cda,450,Subscribe,1633119288363
dc941967-a2bc-428d-b3a8-0b68f1d87488,645,Like,1633122773901
0228dd0d-3f0d-427c-8fe3-e2cd719fc3a0,361,Subscribe,1633123312305
403fe238-a02f-4186-b920-03e5a59dd184,485,Subscribe,1633124094135
efaf1de4-aecd-454c-9eda-c3950b3556e5,626,Like,1633119021642
86b07f47-77e7-4ed4-8980-9fc13dcfeada,23,Like,1633117942347
0c0fc0fd-1c49-4a08-9037-21f4a61d1eb0,649,Subscribe,1633119848762
e81db83b-6d12-4415-a58c-1b39a5fec0a4,811,Like,1633121954275
88dd46c7-4837-41f9-869e-660691f531aa,491,Subscribe,1633116097450
1d20f6f9-6ca5-45c3-aa85-b18753c0fe90,212,Like,1633118921834
e4044334-46d5-46b7-8322-5a8ec57103c1,156,Like,1633115528568
39911ee9-771e-45f3-ae5d-c19e4dd4fdbf,177,Like,1633120479676
eba4af37-598b-4eb3-8889-6e1a4656bdd9,247,Comment,1633122297303
3939c0aa-d2fe-4ac2-8cbc-561b265dfc31,280,Like,1633114554825
4dfd9ac9-580a-4983-b84e-0192ecbd1686,915,Subscribe,1633123519647
ad8f8091-67e6-4e44-9fab-9adcf510b442,635,Like,1633115420746
b2eb5055-9931-43d1-8b23-fdb85b5b3fbf,361,Like,1633116756815
974319ed-a76a-43b4-bc40-72e065d55af9,184,Like,1633118370519
0fdcaf49-075f-4015-b379-654c2798a981,529,Subscribe,1633121114797
bce7e374-d40c-4df9-9d4b-7778318ce783,861,Comment,1633120074942
620148fa-793d-4e97-9e0e-bad9c4394a84,131,Like,1633118503995
6d9bab52-4895-4643-bc55-f2300001f626,399,Like,1633123534356
80ce1ce7-ca46-453f-b670-9e47966bc9b8,413,Like,1633119516657
b6c11235-577d-411e-bbbf-a5bad77a2bff,939,Like,1633123579096
233a5127-0dab-4f95-addb-25d45e10268d,255,Like,1633122511064
01d47e4c-362e-4481-bf97-ed2b4efe4dbc,341,Subscribe,1633118153227
71a538e3-23f9-43dc-8fd4-73e1c708fc9d,769,Comment,1633118160976
f2d583dd-3207-46a6-a05f-d929b5eb5cb2,789,Like,1633121839043
432df048-43eb-4e06-bd1c-32cfef95042b,116,Subscribe,1633123085806
ebec4a2a-39df-4f5e-a8ac-9c036c6f268c,104,Comment,1633120546366
4beeae89-012f-4d3a-9f46-9a4acc358327,105,Subscribe,1633118433054
274b87ab-73c1-4f6a-b180-c1e2460ff397,616,Comment,1633122649195
475e19a0-64da-4c14-8d2d-8dfc03fad340,160,Like,1633117945462
648d4522-721f-4213-b4f8-984c539a4015,104,Subscribe,1633117814183
bae3a0e2-88d7-4a1a-ad68-9ecea62b0aa6,408,Comment,1633114480844
1abda417-0b71-4212-bddb-ef88bceb5d54,499,Like,1633117030067
bfa92309-0417-4092-a190-54054f4df322,511,Comment,1633119743312
e2f48caf-cea1-4089-8d34-d3c264ebbf48,476,Subscribe,1633117325214
52161b7e-fb71-443c-a5c0-1952d8fdf05a,636,Subscribe,1633121513539
438ccc94-0f48-4056-8a4e-e59833564cb1,242,Like,1633120402382
bc5256d9-a22d-4475-b987-cc787c4b2c9f,519,Like,1633116309590
725656bf-e6d3-4be6-af2c-801c97adb480,886,Comment,1633115794555
869ef1cd-fcae-4de6-90e0-7fdd742a9ffc,873,Subscribe,1633116664911
0bd0a24b-2959-4515-990c-8522abb54aa6,902,Comment,1633120868857
932aef35-8c93-4795-ba97-35dcb76f1e53,545,Subscribe,1633121779258
4d531107-a142-42eb-bca7-c9168d1df9a7,146,Like,1633114755160
84e6a805-9fb6-4df5-b769-90b2fe5cd8c1,243,Like,1633119257956
716dfbe4-c563-4e7e-9b22-026df968a077,421,Like,1633123764362
9f7b558f-e233-4aeb-b11f-d5d5d45af8d1,751,Like,1633121213071
39625fab-91b8-499b-a974-e8b6db4b9ef1,532,Like,1633118496570
1842d6ab-2924-4423-b92e-a39ad1abd96c,896,Comment,1633122522732
fd7c945d-c10e-4a9e-a614-c8882abbe740,51,Like,1633120356879
c566143c-3a0b-4ced-8d27-75abb7867888,281,Subscribe,1633122871595
5bb67e7a-d0ec-4a04-af88-667c544552e4,508,Like,1633123515289
13d6c7bf-eca6-4c96-9a18-351e1af0b9fa,42,Comment,1633123223409
07914cd2-76c7-4fe1-9ab8-d30d5c750ff5,546,Like,1633118651379
bce970b4-389a-422e-b81f-d7fd32007bc1,482,Subscribe,1633115016840
9655da5f-fd95-44b9-9bc0-fa83b973db69,848,Like,1633119931438
787b18d4-e3fb-41a8-9e7e-ecdf3cd7c928,171,Subscribe,1633124001708
d711c207-17e4-4658-9fe2-a9676d37a03f,207,Comment,1633120753933
05e18b05-3895-431e-b825-db02b74e049c,465,Comment,1633119857244
713beedb-e297-460b-bb48-8d2391715023,619,Subscribe,1633122020422
57fbb474-1c3b-4827-8707-b76bd6303d43,515,Like,1633122322829
b1d14b3d-07a3-4f10-946c-934d55053cd9,722,Like,1633118415175
fe9b4eec-939a-4fc6-9c20-101b6ee9a5ca,87,Comment,1633117821662
a0c4b975-0794-469f-b946-4caa8bc38c5e,425,Comment,1633117684798
692862c0-aa5a-4d1a-abce-8a0d785af1c0,222,Comment,1633115605020
8b0ab667-7619-4c19-ac65-35e570398944,373,Like,1633122485819
09afac9a-1e59-4ffe-8e06-aa56d35b47a5,1000,Like,1633119973749
5f8045ee-f623-489f-a094-30b90fc7ba2a,883,Comment,1633122271588
442b8b1f-f1c2-4157-ab5a-e2ed5135b3c9,511,Like,1633116312315
19cd9105-0db6-4fab-a730-0050419ae24c,443,Comment,1633120398169
fa7bc8e5-2d28-4b92-bbf5-aeb2186957a6,661,Subscribe,1633122712858
db987078-6ff4-458c-9d78-658291d5d71c,314,Like,1633117082550
77f12092-82d0-4c43-b670-5cc46968d44a,398,Like,1633114338395
12aa7305-cc39-4e96-a7b3-d3c11cdd34fa,686,Subscribe,1633115349998
d2fbfd80-9ce5-48e3-a91e-85d05a648001,896,Like,1633121045532
e488ceae-c89e-45a8-b33b-06ed2422ea8e,107,Subscribe,1633116257050
409dd72c-eba8-4586-a19b-08aa43a81093,607,Like,1633118078130
9fd387fe-b46c-4831-9a9e-cae380d74def,534,Comment,1633122420438
e0149670-2e3f-4d45-9c1b-19c734f1dbd6,486,Like,1633116798903
ae64c7b6-cc74-4949-9b37-3e1d462be478,616,Like,1633117224674
06d113bc-81e7-4bfc-b123-0279e3a0464c,438,Comment,1633117290497
4ad104df-41b8-4278-96fd-3a1f0091654c,629,Comment,1633121056340
ff127d38-0eb0-43dd-80b0-33bcdf097f94,724,Comment,1633115104187
8d8aa848-faea-4405-86b0-28cdae8d086e,560,Comment,1633119972027
dc4f1084-a9fa-4215-bb3a-a9643ca63f46,627,Comment,1633117277266
18ce0b36-2e4a-43ed-a94d-1d9dbc9047cb,236,Subscribe,1633122381105
2c6a0919-020f-436d-88b3-db1d0382f476,890,Like,1633117587705
a1a0ed7d-c1ae-43c5-92f2-deaee79f7605,382,Like,1633117760400
03412b54-f2f8-4e50-9444-e945a93fe2d9,672,Subscribe,1633116616587
3fe5ff31-734d-443a-b084-0d6ba4a8c2e6,384,Like,1633122491599
0540d123-50a0-4256-84c8-af6d7fc9e48e,678,Comment,1633121110091
3887e334-ece8-43b1-a999-736b1dc22526,735,Comment,1633114922519
ebdc82e7-c97e-4d1f-9956-77b1cfaf52fb,56,Like,1633124035331
a451c56d-2687-43b1-b01f-63654adb21d8,53,Comment,1633114985807
b2aa8729-df37-4fb2-a643-e9e65b4f5a03,787,Subscribe,1633121728970
b2fc8eb4-0562-4d0a-b527-0e99813cf145,808,Like,1633117904689
39da7c29-b221-4ec8-a5fd-e83fe0d3a5b0,78,Like,1633122483499
0d09379e-ff48-46a4-8363-c676fd186412,483,Subscribe,1633120994211
44c12cfb-83fc-43e5-8d2e-6fa24d751fcb,298,Subscribe,1633120914986
53c59353-924e-4195-96cd-19aac2515d71,909,Like,1633120084100
1aad4c4e-fdcb-45af-9395-56d6aea1ebf9,514,Subscribe,1633122871521
98b88974-ec04-441a-b438-9da4eda765bc,442,Like,1633121603030
d2ecc7ef-7067-4594-b493-513883268cf2,666,Like,1633120632798
aff3eaf9-9a28-4000-ac0e-1310cdfa732f,607,Subscribe,1633118528439
d9b63115-3b6d-4c62-a609-095b16d8ae90,972,Subscribe,1633119758118
6718132c-aacb-4b30-9184-10db60d3fd4d,90,Comment,1633114601685
663c6e4f-f500-4b68-8c25-0b969e3d3d7f,871,Like,1633115585201
22634de4-c37a-413e-b4bd-bf3c9f59a7fb,539,Subscribe,1633121540196
f9f25944-02fc-4b95-9a5e-1654a31cb4c4,504,Like,1633117519095
41b4cd17-08aa-45bd-9c16-8580bf0529a4,466,Comment,1633121644552
61c48fcb-b600-44d1-a76f-4747fd9ed6c3,715,Like,1633123979433
18629de8-2f0c-4681-ab33-964c6916f2f8,12,Subscribe,1633115820645
351631d3-7eb7-49dd-a2d8-2a9c7e808efd,268,Comment,1633118844718
68602998-786e-4402-ae30-1c69aaf91ab7,139,Like,1633121197272
2594b2bc-c7aa-492b-832a-d1dfe201df9c,307,Comment,1633117368729
efaff259-0fc1-4882-9a6b-443a9760a239,465,Like,1633119714080
ccb92c4b-84bb-47b7-97ad-febac3cdbd31,420,Comment,1633121471947
b864dbf8-e73d-4a9a-a440-06a407765c92,616,Comment,1633117830689
e2e2dcbb-0322-4f39-ab53-ef182bf7b12f,467,Subscribe,1633119124153
9f45910d-a83c-476f-b1c3-5db0cb86aee5,90,Like,1633119083784
4b7232cf-c3ca-461a-a191-407a7b57e713,70,Subscribe,1633120268729
01d41553-e585-4d1e-af23-6af18dc89a49,695,Comment,1633123646248
e911392d-e32f-49f8-a616-fd336cf6eab7,377,Like,1633119003708
32a43b36-0c5b-4b7d-9693-d7f0fc9ed422,619,Comment,1633117123922
06ad1399-fd70-461a-a20a-53d11510e647,683,Like,1633118517922
4556d35a-a495-4e11-988a-df01dbe9aa39,386,Comment,1633120877908
b8bf70d4-01de-4225-a712-0b739f2b5a22,470,Subscribe,1633119896726
d7d65566-5967-4241-8227-ee9a623d765e,284,Comment,1633122045313
886ec047-af0e-4870-a79e-6bca254cfcde,591,Subscribe,1633117581914
cace51c9-d942-4006-8aec-33e61c633e23,842,Like,1633117938275
05d513ff-d18a-48d3-a370-f1a594627d76,801,Like,1633116337514
916d3034-c82a-4d77-9692-3b32c1e57481,450,Comment,1633115494764
e99353d6-279a-4f71-baa9-3d7829635fbd,360,Like,1633115578871
b7fb07e3-6e8b-49b6-9f26-80de3509d955,494,Like,1633121607050
86d799f7-fcfa-4653-aca3-6d1ace52feeb,159,Subscribe,1633122070017
18651ade-aa51-41b2-bd8c-be74f32d6652,27,Like,1633121964110
403c4b7e-22e5-4b8c-a6f4-540567ddeddd,133,Like,1633114971689
9a0313d3-ed66-4001-994f-04a01903a797,809,Comment,1633117700190
752dfdd3-d6af-4194-b28b-cb0805acd74f,538,Like,1633117167093
01a4fa11-27ef-4ebd-b8d9-be7c275719a6,399,Like,1633119409993
d490c64c-5bdd-4956-ae3a-7a08f9dfd478,675,Like,1633119414939
360e215f-772e-4335-bfb0-7cd0d7c4955c,897,Comment,1633121555552
52eb0de0-e9d6-4bdd-9924-177f5ecca003,244,Comment,1633121535171
e21ce63b-6e20-4570-aff0-0e022cd64fdf,450,Comment,1633122042345
15a2dc44-b5a0-4ff0-a18c-b241c0653bf7,775,Subscribe,1633123590043
426a7062-1bac-4b0c-ae17-09143e726b73,957,Subscribe,1633121478840
78ae2f45-bdb2-43d0-860d-b297cbb8081f,180,Comment,1633118236290
41c69b3a-f789-426b-8ee9-6ca249aad767,166,Like,1633123938906
98c4fdd9-707b-424c-b547-d8b48ba5277b,283,Subscribe,1633114414171
c62a92f9-5636-40a0-b189-3b017a890c2c,306,Like,1633122960406
4f7fc306-47bb-4f2d-b427-ff84aa9c6254,198,Like,1633123614983
4e025a1e-c563-456b-9889-ffa00b3413bf,277,Subscribe,1633119095223
a54cb451-4c1c-4118-aa4c-5c9cbc9da6ce,683,Comment,1633115928159
6e248036-add2-405e-91c0-03abb55c9f93,187,Comment,1633117907190
d56b8ed8-016f-4a8c-bbe0-aa9e8e2fa97b,180,Subscribe,1633123691479
01acc60a-43c8-445c-9204-7e9da43a86fb,893,Comment,1633123395211
79651cf5-d5a5-40e1-90f8-ce7288c5b95e,289,Like,1633118790993
1d9305ab-e7e3-4e93-aff3-04f8429013cf,405,Comment,1633116525727
c36a7c56-a69f-4e7c-87f4-6afa90d8f2ce,121,Like,1633118274866
fb099c3a-b144-449c-a8bf-45e4d09e3c36,999,Subscribe,1633123731959
096822db-bd56-4ba4-b5a6-7487c56e9969,553,Subscribe,1633114735031
113d4add-52d8-49dc-9f9e-1702294c919c,920,Comment,1633122622643
daa58ac8-4013-41d5-a099-324bfbae93c0,360,Subscribe,1633117851994
91514c01-03e4-45be-9ab8-4981ea221fd9,706,Like,1633119043028
9c01e6b5-42de-47c3-b76b-4a7b6ee480e3,881,Like,1633119822804
91b47e3f-be8f-446b-8c57-fd6e9fadfac2,115,Subscribe,1633116649520
6e4a613e-bf8a-470b-b593-61402be4fcc6,126,Comment,1633114945417
5f56f41a-c08a-4c01-89c4-0c6ebcd0676d,353,Subscribe,1633115530972
eb7581da-c572-4e03-a9ca-f946a536eda9,808,Subscribe,1633115945880
64ccd9ba-778b-429d-b4e6-266cf8d665b7,728,Comment,1633119154296
98e89182-e496-454e-a311-13e312275dc3,309,Like,1633119576223
93520177-7772-4a50-977b-982ea4b800a6,121,Comment,1633116636276
c7708e6b-2a90-4f50-9f94-703b35960d24,779,Comment,1633114351537
21c26290-fed3-4477-8c51-43cb8b8e49dd,363,Subscribe,1633121249580
d2fe1e12-8f52-4dd7-8f11-9fe42ed639c8,947,Subscribe,1633117299766
0e5c3161-b25f-47d9-aabd-58d13c9f5765,663,Comment,1633123901458
208d04a8-6e86-42b0-9343-c923062a6d4e,641,Like,1633122661419
b13b445e-74a0-4ed9-9402-a9ca4e396eb8,741,Like,1633119435243
bdc938fd-8841-4442-b4b1-0743e375ba06,483,Comment,1633118839768
cc80b7f0-0a80-4d61-8b3f-05624e414b18,456,Like,1633121654388
0c13c8a1-5205-4d3a-b885-4d3c903793b4,443,Like,1633116424502
218e6c32-f9b3-4fb0-adff-4589972a8b54,348,Subscribe,1633119678499
b9d1480a-3761-4e9f-a9d4-16177a37315c,991,Comment,1633121628217
0be772c4-5605-4069-8569-ada292b37b84,190,Like,1633119013408
7b2aad25-8918-4522-a8d4-217fa16f4d76,924,Like,1633114411447
53157e5c-ce12-4c13-a917-18f0431a739d,23,Like,1633116615591
164252a0-c654-4739-9650-507f45cb7c0b,174,Like,1633116397292
f7b9c09c-24be-4580-95be-4921b93aab65,112,Comment,1633123214349
59aa95be-9ffd-435f-955a-1fbb76c9ab93,97,Comment,1633123329708
f7222b7a-338a-47df-ae7c-5b6008598077,89,Subscribe,1633118337300
820c09bf-c8b2-41de-8178-5d9bf65d1381,278,Comment,1633118663820
b7fed07c-b7ba-414e-8095-0f8453da2c18,666,Comment,1633121036610
4039ce6f-2b00-4629-876e-cba70d3de847,426,Like,1633120518523
3f25e6f5-3051-48d4-8d6c-8cc33ba21e77,750,Subscribe,1633116909499
9f3a2950-9e40-4abe-89f1-ab98d3d2d57b,299,Like,1633121841404
a5a2c2d0-1a66-4822-ab26-b2c5c7d01bd4,256,Subscribe,1633124103033
8d17427c-8d07-4e59-8637-fc7e1c6f9004,41,Comment,1633119575818
e3496b10-02ba-470a-8257-07afc0dd268f,655,Comment,1633115097920
046fb19e-b59f-43df-9745-f709de6c7d69,53,Comment,1633118482484
ba90235c-5522-40ce-93a0-669151e67827,142,Like,1633115715088
50637297-0049-4d55-8fcd-50d72daa99d5,363,Comment,1633117926502
ae36d8f6-d8f2-4aa3-bee7-8c6ba5c51ce2,803,Like,1633119060938
89957efa-5c7f-4b47-9adc-85f752bf6ab3,542,Comment,1633118533902
183a2386-97c4-4b94-a004-6d18e360de71,887,Like,1633117320503
e80a0811-9c47-4b79-aef1-6a2f0dca746d,914,Comment,1633120543964
288b1eaa-ff37-4963-8ecc-9cbc5041b5b1,104,Like,1633114651768
b6f4f62a-252e-4d11-b692-de020e92640b,937,Comment,1633115324432
2a19d69f-2b5b-412b-9527-95083f3fdccf,253,Subscribe,1633119368617
3ee9d9db-ee23-417e-ab89-4f428dac71d5,930,Subscribe,1633116163789
6287ce29-5ebc-431e-9e10-4d5f5c4cf478,642,Subscribe,1633116957428
5945babf-5627-4d81-af6d-338888120841,794,Like,1633121612313
6a843b20-8922-4901-b2b8-4703bb609990,764,Comment,1633124115745
87556532-40b5-4cae-bbc9-e20ddb847497,264,Comment,1633123972362
409f562c-002d-4753-9674-bf12963a9cac,854,Subscribe,1633120413271
e5ae2c8c-cf72-4e04-8aed-3498b8f0a258,845,Subscribe,1633121717194
f6123a14-9ad5-4ff3-9783-e51065bc2d66,69,Like,1633116770090
645d0ec2-6801-4600-9cbd-91b1b4efdf9a,621,Comment,1633119106999
8ee4a316-f79a-46b2-a653-6a0e999903d6,803,Comment,1633117647889
35ef17e4-6610-4e9e-bdaa-1b8d27f7dd28,910,Subscribe,1633118673014
9874881e-8f01-4482-80ec-b27294df44d2,250,Like,1633118669346
3de83910-b406-4631-9826-8cccea0ee904,730,Like,1633123978683
6126b7db-2d84-4890-b6c8-3f60e51a9605,333,Subscribe,1633122946195
f7e55dec-d07a-4bea-858e-4e68d21cb012,386,Like,1633118751274
f4691f53-4373-425c-bd42-d5b000841300,648,Like,1633122078089
4c38dbd8-7307-43bf-94b5-70c976fd0814,495,Subscribe,1633114440378
5e0cb016-0b69-4f2a-a7c9-194be8b5af92,487,Like,1633117512006
41096a32-f513-47df-81f7-976fbc22857a,589,Like,1633118249652
bc9038a5-bb38-4ed1-a2b9-2bd4de487fc4,12,Like,1633122479909
d60fcd80-5e8d-475f-baca-e233e852ac72,666,Like,1633116076730
d238245f-6569-4542-a97d-5c4db8c37f8a,467,Comment,1633116329035
a7905880-b02d-43f1-9e72-8b9af754a3ab,643,Subscribe,1633120506281
92a81b42-a80d-4472-8ee6-d6a6c3220b33,629,Subscribe,1633121429937
9e966208-b457-4e04-ad96-5ad87f82e4a1,475,Like,1633118829768
71e5006f-e8cf-4aaf-adbc-9db0b57e174e,51,Subscribe,1633117889602
4d2f9e0f-970c-4173-95e3-8d65cb2425ac,161,Subscribe,1633117447662
830590b0-d854-4aa6-8fe0-7194dfb61e45,800,Like,1633116641794
517c24ed-1184-4b44-8d43-8fd17e0dd53a,497,Like,1633118837643
76b8acc9-9e18-4e46-bd85-10d3f8c6a179,62,Comment,1633121042454
507220e5-f096-4b85-b2d6-b7682da990f6,912,Subscribe,1633121998178
2df486f6-2dfe-45f5-bcf6-fc9ae9daedc1,657,Like,1633119975235
b0b7ccfd-b6ac-4467-93be-5540407bdae4,481,Like,1633117862324
ffaa7567-e76d-4cb8-981c-60c725154898,481,Like,1633117480869
78d8e4c1-b205-40f8-aa83-00d8ad89d5b7,942,Like,1633117060194
09d55e07-66e7-4551-956e-34f01dbb9e13,655,Comment,1633114702428
049bd3a2-b24b-4068-9165-baf641907eca,554,Subscribe,1633121992052
b005eb32-8a97-4978-9a35-6779e2872d49,370,Subscribe,1633120628261
73ec3342-342d-4d4c-8774-c212082057f4,995,Comment,1633119171629
6a1fae97-a0b4-440e-acdd-2b393931c1bf,562,Comment,1633117532987
367e02eb-18b9-4fb4-a613-843124db7e7d,344,Subscribe,1633123214290
0a10a8e4-48c6-4ca8-8d2c-27e5782a9843,649,Subscribe,1633123507069
310e893b-90c2-46a7-b053-92c87cef0ad5,195,Like,1633116090679
9b659cb6-35ad-4ad2-9537-f7598b7d76d1,295,Subscribe,1633121036763
6c1e3f1d-055d-419f-bf63-d23332c4d812,913,Subscribe,1633119649113
ffd99f29-1ee9-4f0f-b6b8-6110680f68b3,462,Subscribe,1633114421702
bbb1a027-da62-46aa-99ca-815fe64ce2a2,1,Like,1633119773003
e44fa03d-ba4a-4a4b-875c-97e561f7a909,353,Subscribe,1633118623161
8b2813c8-abae-4067-a54d-c304778c0221,680,Comment,1633121985662
e933bff7-0037-4315-91de-71a82c8a4376,11,Like,1633122248698
533ad0b4-04f9-4a2d-8195-a9d1f58bf740,111,Comment,1633121796108
6c4fd168-1358-472a-8e64-a4e3da907941,122,Subscribe,1633119320773
1b31c55f-5b0d-4594-9ca4-b76fdb954ac8,771,Comment,1633119203568
cdd50872-8998-450f-a8d3-532d0e7ff367,21,Comment,1633119265394
def44609-1e09-4556-a044-f4d4dfdafd67,104,Comment,1633115324524
bc28b182-8203-4b42-93ce-a501fa62ebb8,33,Comment,1633117344194
46048435-3800-42ff-8a6e-48a56cc0bcd5,837,Comment,1633118316448
191a8689-6f06-4b19-9106-0ed01484c777,906,Comment,1633116296016
d07f8562-a746-4bb7-a6e4-9a041cc7d280,879,Subscribe,1633118650998
719c1242-b046-4684-9c6d-4908d433a4e1,895,Like,1633117828220
1eecedfc-d957-4825-8efd-f9a74a8dad42,533,Comment,1633116765454
1cd951d2-9f84-4296-9520-820498a319e4,72,Comment,1633118350546
70ed1668-dc04-4ec6-80d2-a623ab8a0415,178,Like,1633120911314
0f2b811f-54ba-48a6-bcf9-f3ccdbd45e7b,782,Comment,1633114863839
1357a218-40ba-4061-b4ed-a101dd7cb723,797,Subscribe,1633114542943
52d4202e-f7d0-41c4-b3be-ab27bcab9af9,23,Subscribe,1633118389584
9951a056-07ad-4444-ae66-99b05e3e923e,619,Subscribe,1633118331633
cffcfb13-80ca-4dcd-9ae7-513a602dbd79,751,Subscribe,1633119247430
60b4b91e-08a7-4303-ab76-f4450f72b9d5,492,Subscribe,1633116380276
d4ee26cd-9aa4-4573-8ea9-038ecea46043,117,Comment,1633118580013
53e5612c-cd2a-47cd-b6de-8d57e2280f3b,585,Comment,1633115277279
ea1f409d-127d-4ad1-a2b2-d061aa0d5150,98,Subscribe,1633121102519
405a2bc8-50c0-4124-a1d1-d1d175a38b75,239,Like,1633121811268
8e1a2afb-9bba-4e21-b049-479dfee83879,602,Like,1633120844975
20e7f9b9-7216-4245-993b-d40cb475a235,829,Like,1633122134429
ce7bc0e5-d8e3-413b-b6dc-6042091cc989,655,Subscribe,1633120157920
10910779-e874-4f4d-92cf-951bd23fe2fb,652,Like,1633116825349
59b20405-c934-4627-a4f5-79cc2c1987af,133,Like,1633119312807
b56c30a4-863f-4b03-be27-b90fa242d8b3,565,Like,1633114764949
8eacadaf-5906-417a-a00e-47f72ca98f8f,952,Like,1633121742776
6db2c694-27f4-4311-97dd-fa36550a62a5,756,Like,1633123702563
ed9a5910-18b2-479c-99e7-c80ae51e7537,919,Subscribe,1633116472994
025de914-2531-428a-a50d-ad07663917a1,697,Subscribe,1633120944414
27a30521-a633-4fde-bf42-02fa88ee5fff,750,Like,1633120274890
dbd053d7-9b6f-4c7d-b1ad-5218601c1d96,578,Comment,1633120083942
9dd7f52e-9319-4e5d-a7a3-2b2f631a7142,475,Comment,1633119710570
9306ae39-be8b-4c62-aeab-47cf5c1aa212,38,Like,1633119035616
0df2fa8a-b79a-4bd2-9ed3-9ad59670782f,902,Subscribe,1633120951559
59022afe-79ab-4f91-9d4b-22c477af0b4c,858,Subscribe,1633114317645
f85b1051-03e4-4881-8a18-3530ace65d13,579,Comment,1633123959556
307f7491-0fa9-4665-9625-3faa488c7193,326,Like,1633120776306
fc351e56-cec2-42ae-93a6-aecbf8cbc4f7,153,Like,1633117084555
fdb442ed-0af8-4aae-af57-e9588423a4ff,327,Comment,1633123335785
ebd23b51-4b5a-4c34-8b5d-fa2a5511904f,959,Subscribe,1633116845514
06b1da37-2c3a-4b6c-b63d-513968d64af9,617,Subscribe,1633120880813
aeb3cd10-7292-4981-ada4-652988aa968e,118,Like,1633114418275
d18e44ec-a4ac-44c8-939a-c61c16116b75,225,Like,1633122020761
4523617c-fa37-427d-9765-3a881e1460f6,97,Comment,1633122697318
892245ff-54cf-4517-ab33-0ca50032e6ed,695,Subscribe,1633124137477
0f13126d-a715-427b-a9d5-12fe390207ba,584,Like,1633122974960
da2b88ec-c326-4287-b2bc-e36e1f4a4669,617,Subscribe,1633114800830
9eb846f2-ea0e-4a2e-90ae-70ad1a7c9a22,520,Like,1633117473421
880845cd-ac82-41aa-8e5a-1fc03c717e7b,451,Comment,1633120068528
0d0ca902-3196-429d-97b2-1cb533a1ed21,682,Like,1633116687133
88b6ea37-c8b1-4131-8639-3abd41af6613,182,Comment,1633115228698
1243b2de-abd1-4e37-b7ee-b371e1accdea,189,Comment,1633120531276
cb96992b-0864-4cee-9049-3e085a6f1e4d,205,Like,1633123841639
c18280f0-4720-489f-bd0e-16d320158100,203,Comment,1633114544545
e971cbc6-14dc-4024-a758-de3f4574c3c9,601,Comment,1633120192235
d2bd3f80-7792-4fcb-a155-4b6b2492b6ed,530,Comment,1633119194176
2b50144a-5f55-4078-94d7-7bbc33c537fc,442,Subscribe,1633120262540
375eac3b-fc52-4d61-a80c-99eb9e00cc32,409,Subscribe,1633123214324
c029be3c-2b12-4df4-ac2a-6233db66a8f6,471,Comment,1633122032140
73c040e3-eb20-4c06-88e2-328f7dc9accd,677,Comment,1633119078591
896e609b-9877-42a9-a7d3-e17af2ef6e90,624,Like,1633114631395
9d4e0b37-93ce-42ce-b425-4461ad377bca,443,Subscribe,1633119261955
8e3f82fc-1aac-4068-95a8-aec04fb80f21,110,Comment,1633114892749
cc952e49-fbca-4c7a-8393-197b4eaf46bb,681,Comment,1633117535749
6c0b4f7f-1df6-498d-97e1-7fbc42dd3c8b,578,Comment,1633116381796
0ab91c9b-e60f-4e42-b15d-d2eec0d5dca4,701,Comment,1633123241470
467d7c4b-f041-44ad-9c67-0a0351dca922,603,Subscribe,1633114742298
82383caf-ca49-4f70-909b-41d0778708e7,474,Like,1633119091393
0876c384-ede8-419d-a92b-9fe444a3e7c5,507,Comment,1633120016579
c71f7092-eb11-4e99-ac99-9913c69f8ffd,821,Subscribe,1633123960624
6b84881e-f7c0-48a8-b814-296506c1fdd3,866,Like,1633118521966
029036e8-7636-4dcc-a474-d06f14b819d7,39,Comment,1633119238595
da5900b2-a134-4dfb-9b72-5897b63da42c,708,Like,1633122889629
43676d0e-6b10-4e19-829f-db195e793e36,680,Comment,1633120449809
37c50d70-1405-4386-b6b5-9b48f2ddac43,34,Comment,1633118438799
d9ec78e6-45f2-4be9-95fe-04f14ba78ecf,675,Like,1633124173818
f08cfb7a-a84e-4007-abc7-8b22e78aaed0,386,Comment,1633114409190
0f4e1e6a-e354-4fb9-8b25-f18faf4811a6,743,Like,1633120163570
6440ec31-0ad5-4929-a159-21477c103dcd,127,Comment,1633122598041
7b91792a-13d7-450d-b618-f5b1ec16bb4d,832,Like,1633120769876
9f82f571-0c99-495e-a24c-411d6d8deb60,450,Subscribe,1633116291155
ca5c34d8-2dcc-4213-9b37-d93d6ef382c9,50,Like,1633115724437
a0e61fa3-94d2-4933-a995-1bd305822977,558,Subscribe,1633119171286
0f1cb1c2-92e6-45b3-8a32-ace8f9b314de,637,Like,1633116490596
92bbb483-19f7-4cd1-a553-ada702b2a044,722,Comment,1633119847825
fed2ed6d-6753-4f95-85ed-d51f24e18f65,486,Subscribe,1633116404230
e567897d-5b17-4e71-ba67-5b7601b7b3c0,781,Subscribe,1633117139131
daa72935-fd4d-4433-87f5-4e96ed6fe32e,675,Like,1633118355467
2d57c611-6a11-45ca-82d8-50acf0a81e48,960,Comment,1633119424931
269d5350-3264-4223-ad83-6ba93c1f0c3a,304,Subscribe,1633119350102
d72b4b8c-c538-49a9-acc3-321c5bacde46,435,Comment,1633118673835
a31064b0-e88c-4016-86e3-cbbd612d4b73,724,Subscribe,1633117110685
f2c8939c-5982-4ea2-868a-63849f77f180,132,Subscribe,1633115350471
708d6d2c-e0fe-4deb-a3c5-53a37cebee16,884,Comment,1633116817604
12daa680-95a7-478b-837e-9ae7adf01bd7,625,Like,1633121228070
25d1bc00-3466-4004-b0db-2c413863093e,831,Like,1633123298772
45feff46-413c-4b09-984d-33c6e4564d7c,67,Subscribe,1633118789661
36cf2f31-b8b7-49a3-bf77-71fc3d9659db,335,Like,1633120222416
544c787f-8cc5-4c27-acbf-798dcefc6de9,909,Comment,1633114311020
f33f89da-bb97-4c8a-b33a-8cfe67a31afc,156,Subscribe,1633117070752
4f0290c3-b99d-4476-964d-9a3c6b49a0e3,749,Like,1633122881554
87a48d03-f059-479b-a80d-915c446005a1,915,Comment,1633121424400
367a39c6-853f-47fe-8ce7-893ac647cfb6,495,Subscribe,1633120377723
d99f24ce-dcc3-49b3-a287-458d2e547e00,46,Like,1633120656778
0bf02a20-dd54-4d7c-b1e8-ca671af91bc7,316,Subscribe,1633123073452
c2579608-55aa-494f-b6d7-0fc19fd441fb,98,Comment,1633115471783
0dbac344-aeae-466f-bc9b-8f93ead80737,694,Comment,1633118704814
5a875fb7-a020-4548-9c06-fb2396134dd6,56,Comment,1633116640232
109e5f35-2899-41c0-90dc-f4c50acb0de3,469,Like,1633117264163
0b5c5f6b-e3d4-454f-b5e0-93284d1c5469,717,Like,1633114806941
566179f9-1d99-4e7b-9434-6bc2d7316955,866,Comment,1633119331667
2ab70686-b468-49c8-a3d8-6669e6231a00,797,Comment,1633119427098
8fe26747-0b91-4b17-922e-33e1e0b19deb,352,Comment,1633116374959
b50a252b-0520-4596-afb8-b6adcb997902,534,Like,1633115940603
f9d142d5-2e05-4b10-9183-96b1a753d354,762,Like,1633120558792
a854f9a6-b106-4eb3-8516-66c4a7c0a864,22,Comment,1633120848178
94ccf1cd-e5dd-4736-82d8-a3b4d8f75057,731,Subscribe,1633115401806
2814a0a0-a06f-4fd3-bbe8-ad201dfdfa39,580,Like,1633123603532
481035bc-705f-44d0-b8c0-500211c95550,170,Like,1633116001694
96b6d573-e83b-4485-b336-a7dd976fa642,166,Like,1633120389545
2248d0ce-9815-4721-a49b-8751f6c07d0f,895,Subscribe,1633123119420
71b81742-c6e0-4294-adbc-9e77cb4be28a,20,Subscribe,1633121414338
0ec0ce85-effe-4fac-93de-585d9d060891,598,Subscribe,1633121510823
04100859-45a9-47fd-8f0a-407678e67ba3,440,Like,1633116014184
e709bf15-c4ce-411a-a2b0-c19bd7f756e4,100,Subscribe,1633121844029
3fdf71d2-a1d3-4455-9fce-991628064369,762,Subscribe,1633117038774
a345c83c-9328-46bd-9196-8e2a4d42aa1a,420,Like,1633119277308
044664ed-d1bd-4b8a-ba2f-d0e1e4ffe7e6,907,Comment,1633119239740
b33397db-8092-4685-893c-1ea1db4d0124,969,Like,1633118427888
debeb1c6-e27d-4e3e-9e0a-61d5234d959e,225,Subscribe,1633121493832
439b79ef-5839-47da-9190-1309b2284cb2,613,Like,1633117845785
0e1803a4-d44a-435b-8185-fc27da77bdb9,692,Subscribe,1633115346073
204daacb-93f8-4825-8f69-9207e4f06d97,438,Comment,1633117684377
0dd40003-70ce-4de5-b0fa-7d840e1db139,198,Like,1633117330096
751cbaef-ce95-48c0-aaf5-1ad8d691365a,458,Like,1633114275157
d20cb3d1-ef6b-4a93-a035-30279bd60563,94,Comment,1633122421106
5b738c75-7afb-4f61-914b-df05f3d16ecc,734,Comment,1633114868794
7d73060e-d95a-4366-bfb7-e9a51fe21cb4,796,Like,1633117201707
d0587c37-6b99-4a62-9f91-93166fa2972b,764,Like,1633123485081
0f52fb4c-1faa-4e6a-b430-f32a368632b5,819,Subscribe,1633114672638
61272fc9-2d81-44a1-b166-42263a271054,682,Comment,1633117660818
1666bf5d-fe16-47f8-b5dc-564378892495,928,Subscribe,1633123594811
20b8a5b7-d4b2-4a0a-8aaa-80245cd1dca4,795,Comment,1633119966164
b89305ea-844c-4c81-a8ef-e3bd1cda6b51,627,Subscribe,1633118670434
467c971d-65ca-4a87-a2d4-af9d933ead71,27,Subscribe,1633117801191
df35f2d2-25c5-4270-b41d-7d071d0a2023,943,Comment,1633122735878
c9858715-6f7b-48df-a1e0-f7f39250640e,407,Like,1633123281344
211e8717-34f8-4a37-a5f7-29762736e25c,792,Like,1633122447785
edcca3e9-6867-4c1d-b36c-555d45f4a0f9,803,Like,1633120262094
ba151a98-f759-4830-9193-5caa97d55dcb,248,Like,1633115167606
8867cf60-8057-48a2-a1de-06e37ff152bb,957,Comment,1633116775152
29920772-1bee-496c-87e1-a3e12d8420cb,559,Subscribe,1633119766439
e99feef7-55e1-47b4-be56-8a5ef5759bd8,676,Comment,1633122335116
d82c9c06-88a1-4888-a4ce-d4b333764c5a,67,Subscribe,1633114356789
ca61c0f4-81ae-4e15-b662-53cecd10c8d8,969,Subscribe,1633123057518
87fd6af9-d896-40c5-9396-716d476cc041,196,Subscribe,1633118429615
34f6d6aa-86ff-4a9a-8b9c-df5e4a26512e,352,Subscribe,1633122171742
c11c3986-6d4f-4302-8b3f-9d1fd1d7a750,43,Comment,1633122752472
5d9753e1-9a90-4cee-90cc-a01b9779e63f,465,Subscribe,1633114296282
a638d121-1b9f-4dd3-9a49-9e4c83db969d,811,Subscribe,1633123895439
30d9301b-e698-4f24-868f-bba386e2bed0,372,Subscribe,1633122924110
6fbeeff9-a889-4ad4-8807-132c73b649b1,776,Subscribe,1633121457547
d673da60-5a92-47c0-8299-b753e7557696,571,Like,1633115909476
f7a1d6ba-add0-4e95-9f2e-bdfe7605c8cd,792,Subscribe,1633119605401
503f6ea0-2c10-4887-b303-34933eebe5fb,800,Like,1633120774723
95e69877-e4db-442e-a56f-3be4c3e046b0,884,Subscribe,1633117624414
db29dda2-9340-48ba-890b-f177f740609d,157,Like,1633121599054
e55f2735-f114-410f-b8dd-f9ad6b9faeb8,638,Like,1633115823807
7d985ecc-07a2-4bc8-a6f7-b9465060ad03,638,Like,1633116409192
5d43708c-7c10-43ff-b59a-41ac0a993a3a,102,Comment,1633119722862
89392813-17dd-4c0f-a39b-f700de461b0e,161,Comment,1633123833591
2a364394-6fe2-40d7-8d78-67cf24189ab2,491,Comment,1633118312525
bb5005d2-4718-4700-af8a-d595a0be3041,808,Subscribe,1633115192791
aa7724c1-e0cb-4168-85c7-594e92bc15b6,967,Comment,1633120522938
d30e4bc2-d775-4abf-9db2-628c2c579e68,589,Like,1633120336710
34f704e5-a190-462b-8da3-cd906635c269,376,Subscribe,1633119532617
706876ef-8199-4462-b5c4-43fc713a0aec,406,Comment,1633123538011
d32ac6fe-a4de-4991-8733-e2dc3386478e,80,Like,1633122805144
4462a773-5160-4d88-b7bd-2d878dc9b212,119,Like,1633116791521
f03085c4-7374-4c42-8ffe-20e6de17025f,780,Comment,1633123683111
62bef18f-a52e-4ecd-b1b7-496953334a7e,974,Like,1633124045231
34da463a-5d4f-4287-b320-604a27f695da,632,Subscribe,1633117859878
5000ca99-9aba-4b8d-b565-b4d1ca0cc804,70,Subscribe,1633115742082
188d4b15-c4a5-455e-90c9-ea349f2e0574,935,Like,1633117905980
bafa5f16-59a8-4430-acca-1247ed51039e,560,Subscribe,1633121122270
c2f57e26-5cf4-4a87-9e1c-28171bcdcaa9,898,Subscribe,1633120595488
48b1a6f8-7971-4d47-98a6-acb6fca240b5,185,Comment,1633115458326
c20c6bb0-9dbd-4abd-98e6-87053a895fcc,658,Like,1633115822551
e92ac9d5-a79f-43bd-a6d4-2b07d6bc9a90,175,Comment,1633114277746
80f59080-5fca-4983-ba79-3555d2b4c4ad,893,Comment,1633120488224
5ee16ea4-9c6d-4912-840d-83454c679a26,600,Subscribe,1633116626926
933e66bd-6ba3-48b1-a132-052adf12c4c2,905,Comment,1633120047908
a27f7c3e-9906-49e0-bf4f-70fe6791bea5,784,Comment,1633116149411
6c011882-ffea-4e97-af6e-f74b7feff215,361,Subscribe,1633119777715
b69a713d-7543-4784-bd1d-8d990ee1e185,468,Comment,1633116374576
d93682ac-137f-4394-8b2a-11a6bb8007e9,406,Comment,1633120475659
aef1f05a-44da-45ef-acf2-6c1f68f37e12,564,Like,1633114547553
c75cf0a2-2237-47de-8575-2bacb7f1797d,702,Comment,1633121342015
3ac33cc3-40d5-453e-bf14-c06c80c6e413,263,Comment,1633123521904
b51c57ee-7071-446f-aab8-e42be461e15a,369,Comment,1633123678717
2a8a112a-53af-4d1e-8db8-49aebacfde35,131,Like,1633120513828
1019045e-bfb2-4305-a158-de608c126615,61,Like,1633119838905
f9d4ad10-9040-4b2b-bbd7-a8c3fd7c78ac,696,Comment,1633114663793
3035ddb1-ad43-4234-b08f-78328399cc4e,7,Subscribe,1633115543768
a345dec8-89f4-4abe-946b-161821c9336c,177,Comment,1633116924846
47942298-ffb3-4eff-95ba-0dc60417afcf,446,Comment,1633117784060
b03f3221-80cf-46d2-a991-eb2cc957b1e7,657,Subscribe,1633116075846
bdd17546-6393-44e7-bf6b-fae00e5abd81,805,Comment,1633120808764
82de20d5-3f77-4a9e-baf4-b3859e68cc8d,735,Comment,1633115512077
2194f712-8544-4a7c-bfde-6ef44d653e0c,469,Like,1633116280372
4044f56f-4a18-4079-b029-00cef0075bb5,101,Comment,1633116269159
23eb8cf8-fae8-458c-acf3-5381570c4e3c,305,Like,1633115014567
52340856-4898-45ce-9ca4-cd1a301adf4c,875,Like,1633120791059
5f63ed59-7c67-4791-9de8-aa9c93d8db9d,391,Like,1633122977591
fdb54baf-6f2a-4451-bf7b-7d119113f879,141,Subscribe,1633118203049
691f1931-8905-415f-9023-5177796392c9,915,Like,1633118892881
d57f7b69-d4e2-4b66-9337-ad6d16d65bc7,169,Subscribe,1633120546293
a04a0235-626f-4bf7-80be-131c1415249e,497,Comment,1633118886489
afe94636-d32d-4017-b0d5-cd2da146a464,588,Subscribe,1633117511097
4e13706f-8ef8-4961-b4d6-187dd9a558d4,469,Like,1633116453048
5196c358-45f8-4ffc-b0a2-07a149dfab14,614,Subscribe,1633120432730
397a119f-dbe2-490f-ad86-8801bc8129de,361,Comment,1633114416122
45254b66-a9c5-45fb-bceb-bdbc56c7897e,131,Comment,1633119002496
688891f9-4f6e-4e54-a892-5ea2e6a4b71c,270,Like,1633114706109
e07b1587-f9c3-416e-b4be-9220818379ba,882,Like,1633120189906
a6874ea0-47c7-4572-ac8d-b732c01ce819,726,Like,1633119786980
1f920a28-f6d9-405d-afd3-d64ad34e7437,745,Like,1633117407839
3455caea-0916-4442-a063-4f5607366bbe,998,Like,1633121442796
fa9a25e2-fd31-436f-a281-ca0560a8f3a6,23,Comment,1633114653508
7dfce514-2c7c-456c-baed-fac5b8a0d6a9,880,Comment,1633122775474
94dd3b52-831d-484b-9653-2f285f93907c,743,Like,1633114640881
bd421d21-f2c0-415c-bb81-fca3e8d83245,455,Comment,1633115951568
9b0e9833-ae69-495a-887f-62561db3710e,71,Subscribe,1633123357329
3762cf7f-685a-4f8a-95e7-1a11ee57f520,478,Subscribe,1633118964309
813eea51-2cd0-4b81-b088-6b84a1025a2f,88,Comment,1633117440403
b8edfdb2-195c-4eb9-81d9-17a41d5ef48a,909,Like,1633116806015
5fa4b9a7-63d5-4c24-ab85-381e352623c4,104,Like,1633121592661
6a35592d-2562-4921-ba84-7a1313bc22e7,141,Subscribe,1633119659816
712ff91a-e50a-451c-ae07-b76e82a5ef54,869,Like,1633117912178
9f8c5b59-ad36-4004-8063-0ed64aba2c75,528,Comment,1633119705664
f545665c-72a8-4e5f-9af3-8e44e6426681,391,Like,1633123845758
3c7ac497-4c34-46db-a9c3-28cf0bcd1b3f,286,Subscribe,1633123797295
b44005a3-0b12-4bf8-b848-2f140cd22673,31,Comment,1633118229727
4f7f579c-217d-447e-9d39-97ce46e5124a,238,Comment,1633121987206
52b4f224-f9d2-49e6-8728-9b9e7ba871c9,403,Like,1633119611893
22fa3394-8f36-4a0c-aafd-b9a2ce1130de,315,Like,1633122047615
7901a93c-20b1-43cc-a059-520368597f3e,737,Subscribe,1633118740404
39835670-197c-4701-846c-3fb821768b7a,368,Like,1633115799580
d6ac0a45-6861-49f1-81e6-2111d95927ca,560,Comment,1633116556591
bda76dc6-e285-4232-b452-dcaca8f816f2,189,Like,1633117283167
ae9a4dcc-0e1a-46b8-8215-c47d19c50bd6,708,Comment,1633118937987
7f975c8c-bdb4-48e9-856b-ff0a1e5f6900,865,Like,1633123296260
bad61fb9-9ea3-4da2-82c2-d633e15bc718,193,Like,1633121704654
5688f3bd-c6ba-4abe-9658-1c82774960a8,730,Comment,1633121155969
3dacf5b1-f438-4c1a-9409-e0d86d672e47,58,Subscribe,1633120082175
17aecd37-05fc-40b9-bfb0-15d135fd0b85,42,Like,1633119761552
9d887eb9-c65d-4002-8ccf-3a8e412872fd,472,Like,1633121459019
f7bfb8e4-dfb2-4ce2-b06d-cac3413ce21f,415,Comment,1633116956505
d52f06c9-81fc-4681-9fce-b55935e23264,289,Comment,1633120169230
15268c6b-7781-44aa-b14c-2d042033e82b,224,Like,1633122784331
4eb3e588-3737-4e78-b027-591507c57a26,470,Like,1633119202659
2f96c2fc-8d1b-4ebc-8f91-a26552f1bb52,827,Like,1633115139625
6af84d85-9ae1-458b-b136-842e2de4dc84,961,Comment,1633120088273
7e097e7a-d042-451e-af53-126d2b93a8a7,739,Like,1633116794831
4ec21e76-2a51-4cb7-b52b-26bdc1b43fe9,509,Like,1633115676181
ef266796-cce6-4a18-befc-d389eec0b985,604,Like,1633123029264
0f36aa51-bca1-475b-b297-21fe1845b038,849,Subscribe,1633116391866
90a7261c-4127-472a-b13b-f5eaa1a94c8e,954,Subscribe,1633121235898
d5c52523-eaed-4a2c-a5fb-5f6e8e07312a,649,Like,1633117872009
3fb3bfcf-cb6a-499d-9396-5f6727d40e33,566,Subscribe,1633118892407
cbf4ff3f-e881-4b57-af63-41b3aa1fd1fb,878,Comment,1633115678333
f432faa8-26d3-465d-ab68-71525eb28abd,774,Subscribe,1633123709242
8e7d9692-19e7-4900-87aa-188a2592471b,527,Like,1633122604622
02a01f6f-4af2-401d-8887-8a4c103e8bfd,913,Like,1633117383191
ed220ba1-5267-49fb-a74c-9ee73b502e66,482,Subscribe,1633117865598
f78e45a8-6487-42d4-89bd-930499f23fd4,745,Comment,1633119062436
fc3ce2ec-cebd-4567-b53a-52707b25b13c,264,Like,1633117504267
5ee6741b-2242-440f-af49-e94826cfce4d,692,Like,1633116419413
f9d55081-5846-42fb-b4a4-e58089b39c5c,326,Like,1633122387787
56b79111-17ba-44d7-9607-346a8c02b96d,521,Subscribe,1633116837948
4ba87c3c-8d9b-49c6-890b-68ae7ab72984,582,Subscribe,1633118905450
f8c2e149-5bb6-4057-95c1-2522018ba568,508,Like,1633122031144
4653db31-5096-4490-9374-247fb0440565,251,Subscribe,1633118260500
7ece53e6-b576-4871-b083-e48505fc4fa8,22,Comment,1633114586128
eaf34012-8afa-48c9-a9a9-bf0f7cecefc1,362,Comment,1633120631402
b49cf7d1-dfbd-4ff7-863d-95ae6269bda5,808,Subscribe,1633115240330
c0d8e290-d912-45e3-996a-51649094016c,728,Subscribe,1633120861272
84277b4f-e741-469e-aa34-c7bc4a54f746,811,Subscribe,1633115784083
8495f60d-66ab-40d4-b403-eac50b8dfecf,139,Comment,1633120770785
73e67cbe-81ed-44fa-987c-b02d019def33,800,Like,1633119780071
91e579f7-3af6-4575-942d-f47c7c37eebd,217,Subscribe,1633116663792
d0ebd100-5718-4b24-8e77-45499d4ce1e3,115,Subscribe,1633114870849
ded9ccbc-94e7-48a4-90f9-3e25aab49eb2,651,Like,1633115097669
0bc2eb54-1b8d-47b6-a5f5-872512bf2cc6,37,Subscribe,1633118548925
c2978f6a-c88e-4096-8481-d99fbe61b7a6,89,Like,1633115230174
d753b9f2-9c40-42ba-8413-d5e6c85e8a0d,583,Subscribe,1633123984723
117dfa3e-adcb-40ba-8fe6-83529cc1eab9,649,Subscribe,1633122241152
068333be-11b6-4901-bb04-ca8453bfbad8,242,Comment,1633117424014
e1f72c70-9be0-4b3e-9c7e-5090c3d77799,845,Subscribe,1633121442202
0f62ce07-e3ae-4573-8d12-dab9e2818c1e,182,Comment,1633122497234
7a0960a3-402a-477f-95fa-45d6e2731270,690,Subscribe,1633116206116
24ec7907-c59a-454c-957b-5301af324f74,597,Subscribe,1633120125524
9adbd7b7-9c43-4c07-8f41-5aaec94671b3,163,Comment,1633117869528
19f0babb-44de-497e-b070-95549cf9c23d,905,Comment,1633120719460
49088ade-0e86-43c3-8d18-7950e26297e0,180,Subscribe,1633119482743
8771cd50-e051-4c34-8fc1-d9cbec70aa77,589,Comment,1633115520962
c16612ae-0dff-43d5-93ad-1286519f408a,107,Subscribe,1633122432770
cb1efc30-f3a1-47d1-a8ad-58dc0af66660,516,Like,1633124194742
c761a813-7331-4f8f-acd0-9e70bfaf1ef0,162,Like,1633115725277
3fa28c1f-8de0-4c0d-a9f0-a512fcbf06ea,539,Like,1633117400058
8ba0e3b9-5f00-41c3-9305-319c963beb86,328,Like,1633121078570
de55fff2-7b03-4a82-ae16-21ae1a0bd0f3,722,Like,1633116124324
f68b7b72-2d82-4c56-aaec-e638661ffdfc,679,Comment,1633117099885
9e5c4bc8-c1d8-4f2c-9503-07c14cd7e532,824,Comment,1633121347675
b93804aa-b2fe-4144-9b08-64def4bb36ab,377,Like,1633117592705
c9eca54e-f9ca-4e33-bc95-9775cdcb98ac,893,Like,1633115525408
8dfca27f-b09a-4746-a66c-bdeba5180433,306,Comment,1633120856634
da1eb2a3-b9bf-47b2-9016-9d129c1f049c,157,Subscribe,1633123007610
b57fee7e-7cc4-494e-9c77-cb68e68d6619,571,Like,1633123329131
4b780099-b028-4d1d-a16f-1fb4b2c09c26,480,Comment,1633122167469
cfaf8bab-cc1e-4880-bce0-63114c74fb09,207,Subscribe,1633123810709
b777a237-c7ac-438c-acb0-0e93fe14f9a2,761,Like,1633123478023
c95783d2-4c05-4960-81e9-9887817ac155,889,Like,1633122385588
a19ae919-9cb4-44b4-9b6d-0852d728a4a8,257,Subscribe,1633115207027
57a5ceb7-049f-4318-93ac-ea9349720333,210,Like,1633121665792
0dd64638-b090-4eb8-a980-8fc5d449ba35,721,Subscribe,1633115201715
af9708b4-c6fc-447f-8c4e-6a4e6c7c02fb,803,Comment,1633114344237
ec403eeb-e717-496e-8023-3ec08d5a85d7,594,Like,1633116659078
49e3f558-70b2-4d34-918b-12b83fb5bfdd,911,Comment,1633119077061
4f46730d-27f9-48b6-9e8d-a89bd84489bc,173,Subscribe,1633115152991
b64d78a8-f203-43b3-83b3-f851a7e91c61,903,Subscribe,1633120959239
64443c0c-e413-446c-b868-a0c7101c0e30,453,Like,1633122479896
eb1ed1ef-dfe1-45ec-bd5e-258107942006,563,Like,1633116304817
f5e142d8-58f1-4bba-bce9-d8527bdb795c,47,Comment,1633119041391
3e90e032-ebd2-4067-b111-24f04c349dc8,926,Like,1633122914571
a9029c9f-43e4-47c7-ae1f-ec0fc0a13481,938,Like,1633119912682
aea512e1-2837-43a6-b8b3-f2bed3b891c5,864,Subscribe,1633123892788
12f59a54-dbd8-46e9-ac8f-3804e09cf254,468,Like,1633120799724
7dd52575-924a-47fd-810f-6b7b0bc82492,996,Comment,1633120020659
5fa1594d-cbec-4940-99d8-a722a5470ab1,792,Like,1633115734121
45fcd557-30fb-4e71-bdff-e457fd44505b,298,Like,1633118791790
56387ba0-13dd-4325-91e5-bcbfeced73b7,158,Like,1633122573188
b88d08bf-38f2-481c-8701-b2ea3f481ff2,244,Comment,1633120199473
07fd41d8-6e50-4398-816b-5286a0afda5b,170,Subscribe,1633115725696
c1e6725d-95a2-4180-acbb-097c076a6062,92,Like,1633123076930
07fe21ea-9e2c-42d1-91a3-5cb6156330f6,902,Comment,1633118546803
7b0f6a56-ea0c-41fd-9987-85088dd6bd06,828,Subscribe,1633118653809
26f1e42d-097a-4d94-ac14-d74ba631cff4,760,Like,1633123870411
336171dc-4b18-4c68-b5f8-6dbb5457e731,392,Like,1633120832305
eb6964df-0085-4ecc-9877-d85d5e9c0768,696,Comment,1633121620090
82d0adaf-d714-4c86-9bff-f40c42b5a733,415,Like,1633121470278
fe6c7e82-b118-418b-ab34-fefb5205c0e4,639,Comment,1633120306182
a8392a6b-e870-405a-bf6b-521772c4c56c,992,Subscribe,1633119942950
387b04bb-87a7-4952-9115-998af9983dbe,548,Like,1633117650779
3a45068e-f243-4f93-94b9-cc7cc5488e7b,987,Like,1633121460105
30bcdfba-0b72-4385-a53d-3878acf7556a,40,Subscribe,1633119362328
6b431553-4793-4606-8887-c37a15f670a2,351,Comment,1633124179121
ba1759c7-10fd-47eb-8f83-538ef79328ae,891,Like,1633121120559
b215e86f-5db6-44fb-98a2-c7ed248ec8ad,143,Subscribe,1633118218381
d8d54423-17b1-4556-b35a-caf2610041d6,907,Subscribe,1633121635406
ece4171f-bf00-4c4a-a262-62b3e50d7cfe,601,Subscribe,1633117120187
95ffe22a-adc1-4e2d-ae66-edd34490479a,761,Subscribe,1633120996845
68772935-3247-48d5-88c3-4f1fce22fc8c,107,Comment,1633115255115
0fe25a04-f95e-4f8c-a01c-f1666e660afd,288,Like,1633123775963
130fe247-e5e2-44c9-bace-3d4316f80c60,175,Subscribe,1633114703498
f4bd6bb6-866b-4ce6-abf9-e7a0097ec889,109,Comment,1633123888269
1f54a610-4a6a-409e-8f85-bcc0dfecd5a2,407,Comment,1633122130049
15b932c9-1c2d-419a-b933-0586b06d736f,863,Comment,1633120523267
77b9584c-83b6-4f7b-bb9d-106169b057e5,177,Like,1633120779580
458e4a7c-4798-45d9-8322-0c95fce88e8a,964,Like,1633116781438
cc5ba028-6390-4bca-a4f0-e1836bfadd5e,997,Subscribe,1633114920139
9ed6f1e8-8de0-4f7d-bd55-cf012d546b4a,419,Subscribe,1633118781346
cdd4c43e-8390-40a6-8fb8-74c92e1f07f1,609,Subscribe,1633116391476
40e4cccd-6dcd-46f2-9532-fd0aad37c6ea,44,Subscribe,1633119878552
a09b0df2-e7b4-42be-bc1d-286c5de30aa5,263,Like,1633118984099
2cbd521b-9672-4985-ba57-09887fc486e6,683,Comment,1633119166686
ab3de136-d4d2-4af1-828e-8f1f94d21112,197,Comment,1633120646491
9e385760-ea33-4eb8-a1e3-b687ba51b1ba,21,Like,1633120905586
deb9a759-19bd-4d61-b94d-2c175104f318,15,Subscribe,1633115606099
36739cd7-4289-4a28-846d-f6b28d962042,150,Like,1633115288791
fe5e5bc4-aa70-4526-9f07-0afda11d351b,875,Subscribe,1633119348971
9a7ce971-7f51-4169-81da-1242c1935721,47,Like,1633119532656
da706efc-c109-4fc7-876a-d0ed2ea2f74c,627,Subscribe,1633114652527
66aa48ae-b973-4b9b-90a1-a7a21041e1ba,362,Subscribe,1633116930560
199f6fa6-40de-48e7-929c-2b12647a84b4,477,Subscribe,1633115909130
74353597-491f-4507-be7c-79d18a68b089,326,Subscribe,1633123468072
0bfb58c3-c2cd-40d6-8b8d-0550e1c0715e,765,Subscribe,1633117360688
dddb351d-e344-4621-ab14-1c0f59d855a3,56,Comment,1633119749098
2eb8bb09-5ffe-4bfe-8a71-f9ccdaf7649e,376,Subscribe,1633115844277
f240a70a-c8c6-400d-b04c-fe9174cced68,369,Like,1633123299486
fc518c11-2ea9-4fcd-8a50-58768ea3df82,96,Like,1633116862200
196397d1-be0b-4655-85c7-5789471e08b5,15,Like,1633123002496
2d52cdf1-d8c4-408d-a638-33d6b492bee2,767,Comment,1633117078252
fe9d4d7f-fa09-40c5-895a-795262ca4e50,499,Subscribe,1633121504950
cb78130f-ade2-404e-bda2-575ec77f365b,767,Subscribe,1633119219628
cae1ef5c-2929-4d5b-aaaa-ca97551fa029,285,Comment,1633121268655
51f0358e-71d9-4a77-a53b-b8f3136ab04c,335,Comment,1633123123762
af0aee26-f853-46ec-bee7-10d6d1e25bef,757,Like,1633122911007
b299ad80-553c-4b1f-b138-5f9034ca4103,306,Comment,1633117695882
e7f81a68-c3fc-450d-91b9-2ce82ec98240,157,Like,1633114610617
12a4e66e-5277-4816-ae4d-0f4c8426a11c,853,Like,1633119592030
25e99d87-3dbd-4190-8fa7-296130e58213,855,Comment,1633121932822
0e229166-d54f-4c5b-a349-746789774d86,322,Like,1633120315262
5185170c-df56-4fb2-a8b1-9c753afcd24b,207,Subscribe,1633114977421
2172b662-d0fe-43eb-b48f-677c39601a29,187,Subscribe,1633115571500
91e44829-e71f-4a6f-b00d-ddb6c122ee72,378,Comment,1633119901131
5dd607fd-92e8-4038-8d76-8e7bb3e99617,363,Subscribe,1633118127138
24e62516-ca57-459a-9d17-6c4841436148,223,Comment,1633123933108
5cffc6fc-99eb-4566-95d9-77eb594b9e9d,575,Comment,1633114589487
1981e3da-6cc5-4fe8-b8b4-9e4e2b43bcf1,296,Subscribe,1633117723587
607044fa-92e2-4d71-bcbc-31d12a048a88,848,Comment,1633123751820
2d402dc4-bab2-496b-a683-9cdfa17cf6df,949,Subscribe,1633123842892
7e3b9732-021f-4e24-af91-38571065d9c9,578,Comment,1633121271497
4ba29d98-020c-4db4-a65c-e607834aca0b,33,Comment,1633115404297
b6ff7b4a-19a6-463c-914c-44eb38059f74,511,Like,1633119797572
afbd6360-24fc-4c42-94a2-2ce2599adc3e,177,Comment,1633120939680
8164b42c-3741-472f-b604-df62ae7505c9,757,Subscribe,1633119743929
44f026ef-7912-4c4e-95ee-03df711bed3e,874,Comment,1633124159185
4bf187a4-0f3a-4830-b369-5692abba2ebb,440,Comment,1633120017785
ac7b555b-7e82-4f95-b985-56f75f27ae15,198,Like,1633116808879
c4fce258-c216-433c-9492-7a21e23e0f52,773,Like,1633122665912
c1673afd-165b-40ba-bfec-44c47aed26c8,42,Like,1633122981863
98458dc8-77c8-4b9a-bda3-c17f462d0e19,487,Subscribe,1633116494012
5a730873-3108-47c9-ab9d-5c44bdb3cc1c,146,Comment,1633116564863
d54ac751-a307-4e56-a216-1c96f785d62f,746,Like,1633121505048
96610610-567d-4d40-ba29-06657c332aee,495,Subscribe,1633118246305
bd9c48c7-4825-49a3-81c9-42f2a744ae03,556,Subscribe,1633123645175
0ca00b9b-934e-4ee3-927e-882431a95cfb,249,Comment,1633123993816
dde2a7d9-cacb-4e77-8f3e-9b7c07106e90,121,Subscribe,1633117007826
978df2a1-5880-439d-a74a-2ebe87d7102b,709,Comment,1633118216245
01900546-bc27-42a9-81d7-a1923bcd33ed,667,Subscribe,1633116623537
bfcd9a1f-fd00-452c-a4aa-8074d8a81864,762,Comment,1633118231910
d038e8b3-c61b-47f7-88fc-92aa1638c981,451,Subscribe,1633114526001
e15dc2bf-1b67-465f-82b7-3f0d525fdfe6,816,Like,1633117893882
50201fc4-b8ff-4b94-91a2-9cea0d3a9ebd,837,Subscribe,1633117709713
45c790a3-fec9-457a-9039-b1535fef1b69,396,Like,1633119294665
f745a5f4-8af4-4b04-b7ab-3ef5b2bf126a,405,Comment,1633118318400
7f90d7bf-4c42-40cb-973f-f2ccbf73afff,442,Comment,1633122607261
98f71bdd-466d-4ca8-b1f1-cb229673dddb,439,Comment,1633115838618
a553f50c-e4a6-4efa-ba0b-5ff847538e85,355,Like,1633121165959
b4476999-22fe-4714-b59e-bcf5d37e91ed,99,Subscribe,1633119727897
bee2c066-60a5-4156-b07f-f13128bbe88c,537,Comment,1633115128823
d237cbb8-cbb8-4bc0-ae33-56594764daec,343,Comment,1633115645121
9e772ac2-6743-438e-baf4-2ebe4546f027,646,Subscribe,1633121670109
26b6fb34-a4ff-41c0-a0b9-621092dc53d9,713,Comment,1633123461726
b466ea37-13b2-4300-a1db-06051a7afba4,591,Comment,1633121963086
973e0878-f3a1-4ec3-a255-5c9f60a7645d,878,Subscribe,1633123351701
e61d6fa7-92e3-401f-a7ec-cd78516fdcc3,377,Subscribe,1633120776231
3d970f11-7532-49e2-b77f-f66ad3c02ec9,534,Subscribe,1633123096301
752ebcf2-061f-4676-b73d-c3d2e9604998,153,Like,1633121882627
e84352b6-299f-4956-a280-f959a5926286,113,Subscribe,1633116930328
8f729712-3c92-4d5c-ad6a-0bb22072cb1c,354,Subscribe,1633116184498
caf8e858-59e1-42c9-a384-d1a6167940b7,610,Like,1633120062542
d2fef385-429a-4370-ae49-c400cd7d9723,494,Comment,1633122529538
d5bfee61-17e9-438f-96a4-5822f5c81fe4,40,Subscribe,1633120897087
4e1a53da-3c57-4d6e-88eb-458d0f66b019,277,Subscribe,1633118388232
18e8499e-8a88-49a8-bfa3-11bfdf5e898f,100,Like,1633116884397
e2621032-2d73-4d62-8b85-14a50534cf5a,215,Like,1633118140448
36223afe-c1f1-4ba3-984d-d8a25d4fa14e,922,Like,1633124172545
aa343f12-333c-446a-8763-ee06693f32f1,894,Subscribe,1633123288638
ba7bd19d-33f6-4b6e-8bae-11065729d4cf,288,Comment,1633114921200
87071b24-2a8b-41e9-a0ac-780cff3f8f8e,689,Like,1633121156450
1fa738f0-4a1c-44dd-939a-718f6adacfc0,221,Comment,1633123111273
abc6855b-2efe-452b-90ed-0afc46a04b6f,422,Like,1633123226523
c5a115d1-2078-4e86-850f-71b28e866023,684,Comment,1633118853890
ef22cf41-0e1f-46fa-b220-dc2aaea93eba,283,Subscribe,1633117175626
66217646-090a-4679-8b05-6da01dae3b4c,938,Comment,1633123366891
cf9d15ad-5754-41e6-8e37-0e8f8ee279f8,919,Comment,1633124157405
41ad215b-4c9f-4f72-889e-a04512e17bac,262,Comment,1633119365727
3aa55544-132d-4a1b-b2da-67c69c08e41f,354,Subscribe,1633119440940
61807ad1-cedc-4315-a74e-cef44a26369a,825,Comment,1633123788152
94039526-2888-4878-85a6-71a13431eb34,519,Subscribe,1633123130346
3e8afb5a-b8f8-4ff9-b3af-45814ef7e1c6,482,Like,1633118881191
241cdd9d-9631-4e7f-b22a-e5355e58e3f7,709,Comment,1633120673062
c726df47-46bb-408f-99bc-effaa7ba526d,198,Comment,1633120248820
aa8554f3-838d-4171-9fa8-b0faa839008d,988,Subscribe,1633122205911
c86ddf8f-eb70-446e-8a25-9c34e8d86e55,28,Subscribe,1633117644079
6ecd60e0-3a99-4687-a6b1-42c88eebbe6b,578,Comment,1633122811789
0dfb0966-681f-4f27-ae41-43af4ce44bb3,815,Like,1633119309370
e08b023c-dbc5-4357-9a7f-106554034fbd,550,Comment,1633120898956
36978162-af44-44a4-b4b3-f7fb7222f276,604,Like,1633121353333
f53a2107-30f6-4634-b1a3-e39ffbd0eb02,648,Like,1633121236876
4841102b-f980-420a-bc0c-f567c1af69b0,970,Like,1633121454869
3ee10c6b-dd1c-4300-9133-8d1d07056a8d,755,Subscribe,1633114904525
c472fe98-bbe6-4e2d-93bf-f3a3322c8d59,933,Comment,1633118324640
02ba8aed-a7eb-4020-b83d-8a37335a9156,99,Like,1633120180108
8608c92a-0598-4b5b-854a-0687b25fa390,196,Like,1633120398505
0077e3dd-e0f1-4561-aba9-044be888bfb7,49,Like,1633117564301
b65dc376-96de-472a-a520-9e8843513fab,485,Subscribe,1633114760270
b965c5f3-c621-45de-846b-521a201f78f5,75,Subscribe,1633114956810
3b9f9b40-8536-4523-8913-132264b2c44a,231,Comment,1633117178065
39de5805-53a5-4ff5-9a6c-a978a7828ecc,117,Like,1633120671107
704d69f2-fa43-485a-8ecd-61292fa6fbef,420,Like,1633115084912
d87e5dee-14af-44fa-a501-2e5efb435288,326,Subscribe,1633122739500
3afa77b0-70ca-4019-a7ab-91710be25cb1,747,Comment,1633123838518
0449692d-27f5-4d1f-bfe3-a4127b5e403b,613,Comment,1633121922376
5aebadfb-7e48-47b3-982b-30d147bf6a02,553,Comment,1633115588021
d407073c-3611-4ac4-bf82-0ecf9c5b4e33,265,Like,1633114877295
cff1b233-0bc7-45bd-856a-3a5fb3521e49,818,Comment,1633122030305
88b9e567-207d-4741-a288-b39babb56447,242,Comment,1633123413059
70714064-2b50-4ab6-a5d2-c809dab79ab9,573,Subscribe,1633117379413
add3eabd-9963-4370-8123-6e2fcc48b345,509,Comment,1633116554563
9cdd2d28-552e-47f7-8993-6ea13bfdd55b,255,Subscribe,1633119662710
0fd6913a-09e9-478a-b234-5b7a317c8253,288,Subscribe,1633123374471
c428471e-f4d2-439c-8233-b26a99c32fce,821,Comment,1633115803103
bdfd64bb-8cde-41b8-9a5f-2d64e9b44c8d,312,Like,1633120545361
9f07948b-aef7-4fd9-a7ff-b5d8f8b084c1,206,Comment,1633118051148
67d5ebc9-7e28-4444-9b57-f92ce26ebaf1,487,Subscribe,1633123397599
2f85ef55-dd45-4843-be3a-762cc695a12f,52,Subscribe,1633120922658
a2b56292-01d5-4cf6-a0de-b6c0571dcd44,165,Like,1633114539756
7f9d44e3-9468-467f-956b-ec023c132b0c,374,Like,1633123088364
075ad5cb-c3a5-42ee-b3fa-09a3ea8ecf84,413,Comment,1633122188735
a5b557eb-3457-46ca-b7d0-e28371564924,95,Subscribe,1633119007896
ac3eecd1-f575-420e-a5f7-2954cd61cc41,239,Comment,1633121403379
568620fb-b4b8-4e82-8a97-6f27fcf8834f,384,Subscribe,1633119361433
a3826d86-853a-4269-a219-0807bbaedec1,872,Comment,1633117798382
543c1bac-0516-4d80-b6ba-4a24549b22ec,425,Subscribe,1633117895450
b9fec2cb-3c0a-42c3-b3fa-4614b4d54ce2,285,Like,1633120264885
8cdc75d7-15b3-4836-a77f-11aa73467e90,629,Subscribe,1633118180289
97353f89-6baa-4380-9b78-eb553b74ca5d,379,Subscribe,1633120273443
d2b8e910-9b86-4ad6-8d5e-38e3b0d43d51,624,Subscribe,1633120686913
730713ea-2a79-4cc8-9dd0-4fd9a13e9fc7,943,Like,1633118387550
70ae438c-5eb8-426b-ade9-bd41999c3ddb,981,Comment,1633122003492
f583af19-a934-486d-905c-04f0e9fc5125,851,Subscribe,1633122001028
b9f98b0e-870f-4102-8372-37a8be565c77,101,Comment,1633117495809
cb121c47-5ec8-4d5e-9d94-225463d680ad,558,Comment,1633116768684
0998a2e4-ab45-458c-89ca-eab81fde54fc,894,Comment,1633117866555
0e6c3244-6c89-45f0-94f5-629ecc3eac25,54,Like,1633120365263
d2cf42fb-50ae-4f66-9e98-743eb5b979d9,846,Like,1633115464048
ddd1eeb7-961d-464d-b48a-b73c352b6a84,640,Comment,1633116991634
afaa6ef9-ba9f-4463-b4c1-d63a66d329d4,732,Subscribe,1633123344033
c62aad6c-cb9d-44dc-82f8-208062929fa6,315,Subscribe,1633122127155
d9e06e45-d5d3-45d6-a3a1-4fe73ae606b2,934,Comment,1633123183474
d09b3d9b-8b16-4dd3-87eb-b4a5fc557d76,685,Comment,1633123271928
5cd99e4c-26cc-4f7f-b337-6d90fdcee9c5,258,Like,1633123926247
bc069640-7901-4c0c-8e0a-137af73208dd,338,Like,1633119538029
1bc901e1-cdae-4dca-ac75-7da64568b26d,401,Like,1633121906402
c4675f49-ae23-4d7f-8ea8-b63e18a53b1c,236,Subscribe,1633117522629
8f290dc9-1c8c-4105-ac23-adbc1c3d3a8e,609,Subscribe,1633118394459
f7f02a27-abe9-42fc-866b-488d18a7fbe0,361,Subscribe,1633120374672
0987af1f-a48b-4e79-a6a1-e99725112b34,531,Subscribe,1633123261269
bd2980b1-f33a-403c-82b9-a7f7f38668f1,929,Subscribe,1633123328030
3eb22526-8319-4cb2-9560-9a53796f6cda,858,Comment,1633115359996
341799a8-d692-4b09-9e84-1989a766cc64,900,Like,1633122085217
7dd890ef-1f98-4d45-812b-13768130e3ef,329,Comment,1633116548041
dacf8e51-50b8-4e09-b18f-a21aa183e6fe,553,Comment,1633118783217
79ad57f6-f1fc-4b62-ac04-917de231a599,726,Comment,1633116829813
208db171-31cc-4cfe-bfb0-291c133800f3,426,Subscribe,1633115144496
ff2a23e1-e4a4-4148-b37a-dadba341e483,707,Subscribe,1633122413222
ae5a9d26-ceab-40ce-aeb5-6d0fdb376946,42,Like,1633120745541
2e5c8c0a-c07b-43eb-93e0-e4f544324299,867,Like,1633115526901
3fbe7230-3e1d-4742-a55d-e501787445de,711,Like,1633118639711
00779fa7-307f-4f38-8cd2-ece4ca841e4b,961,Like,1633118141907
41233784-d6cf-4e84-ab5c-f0f3506dd6bd,331,Subscribe,1633118905688
6d8e5fac-d772-4eb4-a3ea-5120dafbdaf1,289,Comment,1633114322768
9943b396-43ce-4ef1-abf6-4f21a4c4b5cc,864,Like,1633119070161
f81a9c7d-be60-4cf9-97ed-9aa2a1ee677b,98,Like,1633115253272
e38da2fb-9a3c-48b2-bdda-92d715aa95c6,685,Subscribe,1633121193842
9884d14a-14d3-43ba-bb4e-0d48f00bbe79,82,Like,1633116268691
e1b9d22c-a112-45e6-a17a-f3c7116b0959,958,Like,1633116426369
c026ee34-a1d0-4071-ab9f-a93ace1f4c3c,505,Subscribe,1633121483920
ebf0e53b-aeae-4548-a812-9b8a7983f846,881,Like,1633117033112
96115e63-77e9-49fc-8186-941c114f0c85,813,Comment,1633118336207
46b2358b-1cf1-4626-9ac6-ea4c7d1f91dd,993,Comment,1633120070148
28015c51-6b34-42d2-9b65-bf5d11730f86,865,Subscribe,1633120001185
bb7ab7ac-51c8-4414-91da-5eb7ab0a6144,156,Subscribe,1633118243132
9ac0255e-cc89-41cb-887b-e768ad09bebd,244,Subscribe,1633116517588
cbc496ee-f223-44fe-9b39-2047bb89d9ef,939,Like,1633120792141
4df1792c-0878-4b51-8077-67b531d87f0d,331,Subscribe,1633118324601
41558622-a501-4efd-9cca-ad42cdc791c0,60,Like,1633120098627
39a427e5-0e5b-45b8-91fc-a5c85af09e22,949,Like,1633116582502
90ee9f19-06aa-4c93-8dcd-aff7b42feeba,992,Subscribe,1633123971005
436f9317-d00c-4295-b104-9c0e34ecd490,525,Subscribe,1633116480793
367544c4-436e-495c-801f-12878ed3845d,574,Subscribe,1633114920981
93cb165f-7471-4695-b4ba-83aa8013b448,202,Comment,1633123028672
5b25422d-2199-47ab-9d15-44ce5b834d96,841,Subscribe,1633118330038
d469c888-d3b4-436e-afd4-f8177e506c42,914,Subscribe,1633118229089
f21bb0ef-9acf-4c32-8590-036a856e0ed7,700,Subscribe,1633122218638
b75e8cfd-abfe-4d7d-9c54-1295801baddb,316,Subscribe,1633122170676
9d02e603-c5e2-4fee-894b-e0d5a8e35c6d,825,Like,1633115414319
ab6e1d8f-08e5-49fa-9766-057ba8088dfa,210,Subscribe,1633120252180
50a53644-91b6-4c3d-8339-aabaaa193d6c,482,Like,1633124226660
ee1f6ab1-3b1c-406f-ba44-100308e10089,715,Subscribe,1633119632129
3fba92ae-48e7-41cb-9a01-ac683b0c358d,215,Subscribe,1633118190164
dae47fa1-9e1c-4fa6-89d3-4a2bcd377719,604,Like,1633120788243
950efdc6-dea7-4c1d-8a9c-c218cf274a0a,341,Like,1633122109676
09473bc6-0025-4317-9671-af967248084c,100,Like,1633121661053
de682ae9-f826-4d6a-b7df-a8706d33f139,842,Subscribe,1633123036407
af70bd77-1559-48a5-aa0a-3350329c7996,856,Subscribe,1633121278200
0281083f-e240-431f-a271-4d965833c746,182,Like,1633118802392
d39dde0e-69b7-4650-997f-f79962e100fe,799,Like,1633117200385
c9f67bad-812f-4f44-8ec6-5e8ef831ac9c,361,Like,1633119788549
d473c2d0-ac30-4cfa-85d6-16819ad894ce,471,Like,1633118874802
96ee6b8f-b362-4289-8ad9-6eeca358222c,800,Like,1633118393271
91e0271a-dbca-40a4-8f4c-64c99cf88160,356,Comment,1633119215433
0ca10701-6880-46f1-85d7-5cfb039cac7a,804,Like,1633115528735
e432d077-d5fc-4c8f-9634-517c4147abba,764,Subscribe,1633118492507
888e1ee2-96fd-4c48-8f98-5d8d8fdfe27d,1000,Comment,1633115298356
dfbae18e-14f7-467b-8ddb-140bf1856061,252,Comment,1633123028167
39d3887d-ed41-4af2-97e8-e84fd8a53fa5,207,Like,1633116653227
0739e451-c1ef-4cc0-9ccf-4a64490905c5,398,Subscribe,1633119789225
5cc00e3e-4b87-4037-ae2d-d340821d06e9,321,Like,1633118851351
f2d77013-2313-46ee-9a4b-88a856fc2b1f,672,Like,1633119140441
3ed61339-020c-42d2-8a48-84072b985e7e,393,Like,1633114468737
a0f81b4c-ffcf-415c-b2c5-5f4abe64693a,689,Like,1633121380065
9affb3b6-fd76-48e5-98a8-95668d0437f3,819,Subscribe,1633119851261
19e00bc7-7770-4daf-83a6-485837bd36fb,540,Like,1633117282325
90bf5a0d-25fd-41b7-88f9-e0e77469f11b,418,Subscribe,1633118964599
4c7a397e-d207-4f7c-96b5-8f66f240f6b5,781,Subscribe,1633117223164
7dd5673b-fbd1-44cb-a539-2554020ca46a,208,Comment,1633122093401
719f195a-0a33-4c0d-8c69-96bfdfe74553,81,Like,1633122804085
672cc266-2f77-46bb-9f3b-ecc7a96e69e2,727,Like,1633122424738
7461326e-0e11-4562-8696-7ebbc416deea,398,Like,1633120094821
88d3e037-54ae-45fa-9449-8f32548a14bc,389,Like,1633116873443
77cb72b2-3f61-440f-8fc6-861552f1e912,902,Subscribe,1633116474928
16b9bbbd-c7b4-404b-9ed5-8f7136a58df1,677,Subscribe,1633121031888
a84d9834-c9d7-4466-9882-0a81b341b4a6,660,Comment,1633116053742
15bb0a7e-39a1-462c-941b-e9cdb70e6b5e,693,Like,1633122841493
0aeb6ac9-41d6-41c6-a033-9c77b6521458,98,Subscribe,1633118556411
b6d3f4e5-3974-46a9-a2af-0cc6bcc3b005,899,Comment,1633122117676
a3391a5d-c295-4015-9f02-362aeb36960a,862,Like,1633120683489
b2d56d9e-f003-4478-a4ae-078231565460,289,Like,1633122111986
7847e7ce-772c-4419-a4be-cce1ea83f1b4,615,Like,1633121249064
48a62161-3135-4c94-b14a-90e92671bf71,450,Subscribe,1633124023066
8ee8e007-aa49-4553-9c62-663ec99023d0,724,Subscribe,1633117490067
77fa56ea-cef6-4757-ba5b-8711cad15013,306,Subscribe,1633124030383
55b34734-078d-4560-9b20-0895fd54a8cf,625,Comment,1633116284291
ec32e05f-e20f-4a0d-a159-f961b514f609,161,Subscribe,1633121024189
e39e27bd-e7f6-4247-b32b-1602390b1fa0,321,Like,1633115538768
788e3068-9cab-4423-8e8e-a930985ca6cc,177,Comment,1633120579359
cbfff912-6380-4284-b153-8ee5e9dcbb6e,965,Comment,1633122599117
b26c7a83-bd08-4f8b-b9a9-7047eda71a28,889,Comment,1633119159551
7f9d9a27-aa3e-4fe6-a2d5-54ba32c9aef3,585,Subscribe,1633122387666
85d8393a-eb08-4599-9113-9fec9ce64b40,694,Subscribe,1633117422638
17346589-e0c6-48d0-ba4e-e4df38247eb6,536,Comment,1633123795928
3cc26d86-7fa8-44d6-879d-92662ac2c3d8,992,Like,1633118311050
d089acce-758b-45ef-b940-3e4be22c4d46,353,Subscribe,1633122802782
cb239b92-eb50-4d27-a329-b0c3a36a2a7e,246,Comment,1633118815873
fac01d42-e3bb-44fd-9c88-0127dea16254,821,Comment,1633119443105
87048241-f7c6-4d11-bc33-7a8e6589a020,755,Like,1633121729712
dfae4e5b-4522-4c82-86c7-5b8f169d2550,940,Comment,1633120421945
b7c9dac4-e31b-4d69-97b8-afdbaf30f686,861,Comment,1633118954830
ab237080-c149-4dbc-abf1-f99a800aa0e3,103,Subscribe,1633123179177
ffe2410e-990f-4ed4-b28a-addf19b48b73,157,Comment,1633120660071
9813bce9-886f-4dc4-8698-e2a1e45e5c74,289,Like,1633117086712
53ea5923-0b02-478b-ae2f-eae9908ac6cb,999,Like,1633123708665
6d074a7e-2177-401c-b1ba-8d9c59e2b639,876,Subscribe,1633114873202
d6bcbc04-397c-4c54-90d9-4455a9921097,876,Subscribe,1633116789087
f34fc9af-e7b4-4694-bdd6-0306344017f3,763,Like,1633124090999
efe54136-c16e-4fa2-bfca-f704a6afa249,939,Like,1633116058890
96115ccd-0622-46c6-9d6d-3f1021b4dbf8,414,Comment,1633116302166
4dee912d-ff3d-493c-a05c-39d47b757a75,191,Subscribe,1633123798715
33c4225a-c87c-4d09-a933-d7b26779abb6,277,Subscribe,1633118803383
64461d3f-146d-40a9-8236-7dfc9ffa8c31,507,Like,1633117234121
b3cf2b7b-972a-4fe5-ae6b-c265ec28ba4a,399,Comment,1633117533283
c5457c8e-ea53-418b-adda-8922f00f8b4d,846,Subscribe,1633121538041
f099ab53-59cf-436b-8f4d-ef4565868bff,835,Subscribe,1633119692645
2e6be3e6-94b9-436f-aef9-87fdf5a80d80,310,Like,1633121714710
42d9e731-6b53-419f-8c57-eee532c6fb70,823,Comment,1633118131871
71ae6408-76ec-4d23-bd3d-daebd8d2f9f1,124,Comment,1633117587813
ee67c30b-000d-4ffe-a981-70964635a8f4,287,Comment,1633115277812
e8d05a98-9f9c-4e11-a184-eb7249c9f2ea,784,Comment,1633116213326
bda27621-2aa3-4210-84b0-b5288681638f,491,Comment,1633120953090
f30286a8-e74c-4415-84d5-638a6fc457e8,674,Subscribe,1633123040182
d38a31d1-cd04-44ad-bce4-1967b19f4a8b,352,Comment,1633123371334
37b6270a-bc29-4330-af9e-f8a22bb5f6d8,711,Comment,1633115589792
fdd590b0-3283-4947-aa58-522f98f87e6d,852,Comment,1633118971759
0582d84f-bb72-482a-ba03-a8628a82e9cc,859,Comment,1633120157762
aca077f0-bd8d-44fa-a8fd-1c409c6ef4ad,367,Like,1633120972917
a82e28fa-418c-4e31-9aaa-25ca3e5cbaa6,784,Subscribe,1633118857856
8303711b-319b-4454-8d9c-bf0d2dec182e,339,Like,1633116558754
6171120f-11c6-417a-b7c3-5d17306dd8b5,595,Subscribe,1633122171459
c0493ec6-a423-4284-acb5-3ca37699563f,976,Comment,1633116799312
df0e4b30-0b82-4cf7-aec9-fe427fa7947f,886,Like,1633119288033
234f3502-1973-4313-9671-ab9e9d87ea9d,413,Like,1633117079022